,cgpa ,0
0,7,2.9771761883359638
1,4,1.2396105263757682
2,10,4.714741850296159
3,4,1.2396105263757682
4,3,0.6604219723890363
5,8,3.556364742322695
6,5,1.8187990803625
7,9,4.135553296309427
8,10,4.714741850296159
9,7,2.9771761883359638
10,9,4.135553296309427
11,3,0.6604219723890363
12,6,2.3979876343492315
13,3,0.6604219723890363
14,3,0.6604219723890363
15,7,2.9771761883359638
16,5,1.8187990803625
